subject_id,track_segment,condition,DTW_score
baggy,chicane,familiar,0.00407353918649008
baggy,triple_s,familiar,0.00662802089908276
baggy,symmetric_parabolic,familiar,0.004871312969859711
baggy,traffic_circle,familiar,0.006464824042129227
baggy,asymmetric_parabolic_2,familiar,0.01607898177487384
baggy,t_turn,familiar,0.02386715095890284
baggy,asymmetric_parabolic_1,familiar,0.007895510524556932
baggy,spiral,familiar,0.015208959274533257
bash,chicane,familiar,0.004081455542385159
bash,triple_s,familiar,0.13130538569218728
bash,symmetric_parabolic,familiar,0.024795947177593227
bash,traffic_circle,familiar,0.009403458786114907
bash,asymmetric_parabolic_2,familiar,0.02069810688901948
bash,t_turn,familiar,0.003652588950246503
bash,asymmetric_parabolic_1,familiar,0.12668114537775688
bash,spiral,familiar,0.011405043362216545
boned,chicane,familiar,0.003603760957338496
boned,triple_s,familiar,0.02573711476152242
boned,symmetric_parabolic,familiar,0.009870285787364675
boned,traffic_circle,familiar,0.13647549956586935
boned,asymmetric_parabolic_2,familiar,0.027192710008979562
boned,t_turn,familiar,0.006924439870149476
boned,asymmetric_parabolic_1,familiar,0.015349790139870884
boned,spiral,familiar,0.00896459456117879
cargo,chicane,familiar,0.020462396616889422
cargo,triple_s,familiar,0.05661062864329627
cargo,symmetric_parabolic,familiar,0.031012894393723088
cargo,traffic_circle,familiar,0.1755936312310231
cargo,asymmetric_parabolic_2,familiar,0.05240027169269135
cargo,t_turn,familiar,0.04079613709677652
cargo,asymmetric_parabolic_1,familiar,0.042846704648057135
cargo,spiral,familiar,0.1757658175334808
five,chicane,familiar,0.0014758642861197185
five,triple_s,familiar,0.010192538145730899
five,symmetric_parabolic,familiar,0.02099485323819829
five,traffic_circle,familiar,0.005617870535660232
five,asymmetric_parabolic_2,familiar,0.027740720762813725
five,t_turn,familiar,0.003009418207541075
five,asymmetric_parabolic_1,familiar,0.004921862752080338
five,spiral,familiar,0.0070876562675770026
grip,chicane,familiar,0.002713702420448247
grip,triple_s,familiar,0.008079532323171728
grip,symmetric_parabolic,familiar,0.005198021209710843
grip,traffic_circle,familiar,0.008162148245049398
grip,asymmetric_parabolic_2,familiar,0.010289130289388786
grip,t_turn,familiar,0.014078061106009395
grip,asymmetric_parabolic_1,familiar,0.005345411003024013
grip,spiral,familiar,0.011392267863833547
mule,chicane,familiar,0.02230482945121337
mule,triple_s,familiar,0.03298802166085561
mule,symmetric_parabolic,familiar,0.028535383708437303
mule,traffic_circle,familiar,0.008312834771961902
mule,asymmetric_parabolic_2,familiar,0.011576337412979034
mule,t_turn,familiar,0.013035914139917188
mule,asymmetric_parabolic_1,familiar,0.09212155164916537
mule,spiral,familiar,0.06051268579019981
polio,chicane,familiar,0.0021592929891916988
polio,triple_s,familiar,0.031616692440693324
polio,symmetric_parabolic,familiar,0.011956760989139502
polio,traffic_circle,familiar,0.009342084408570728
polio,asymmetric_parabolic_2,familiar,0.03812702889421309
polio,t_turn,familiar,0.005703139613747838
polio,asymmetric_parabolic_1,familiar,0.006120653590101197
polio,spiral,familiar,0.06779483376637387
rerun,chicane,familiar,0.004714668522349831
rerun,triple_s,familiar,0.008335850647631704
rerun,symmetric_parabolic,familiar,0.016890891998044708
rerun,traffic_circle,familiar,0.007040745146166032
rerun,asymmetric_parabolic_2,familiar,0.0264257549561863
rerun,t_turn,familiar,0.002846679465725054
rerun,asymmetric_parabolic_1,familiar,0.012113891375522644
rerun,spiral,familiar,0.004383147121940172
slate,chicane,familiar,0.003957851747875749
slate,triple_s,familiar,0.006625529554009552
slate,symmetric_parabolic,familiar,0.03040618398013266
slate,traffic_circle,familiar,0.026976158040660763
slate,asymmetric_parabolic_2,familiar,0.004147060701483923
slate,t_turn,familiar,0.004734943084113525
slate,asymmetric_parabolic_1,familiar,0.007770503505043464
slate,spiral,familiar,0.014323982046952673
slept,chicane,familiar,0.029275934785814053
slept,triple_s,familiar,0.05902133215966421
slept,symmetric_parabolic,familiar,0.0071815149493371176
slept,traffic_circle,familiar,0.007864807105441326
slept,asymmetric_parabolic_2,familiar,0.006782189129097293
slept,t_turn,familiar,0.011539551240413197
slept,asymmetric_parabolic_1,familiar,0.012537641362284354
slept,spiral,familiar,0.009387994838856524
trial,chicane,familiar,0.016613019339822798
trial,triple_s,familiar,0.08484432600447823
trial,symmetric_parabolic,familiar,0.06666050405778404
trial,traffic_circle,familiar,0.016717527184632007
trial,asymmetric_parabolic_2,familiar,0.18368803792755914
trial,t_turn,familiar,0.025238931084945557
trial,asymmetric_parabolic_1,familiar,0.08881613188978046
trial,spiral,familiar,0.1952144237926599
yeast,chicane,familiar,0.003124681464578338
yeast,triple_s,familiar,0.036308153630847585
yeast,symmetric_parabolic,familiar,0.009952031421648367
yeast,traffic_circle,familiar,0.05264294458510145
yeast,asymmetric_parabolic_2,familiar,0.01056179953532968
yeast,t_turn,familiar,0.03533291060982195
yeast,asymmetric_parabolic_1,familiar,0.016876561007811035
yeast,spiral,familiar,0.012083937476204325
atom,chicane,unfamiliar,0.00581516130643345
atom,triple_s,unfamiliar,0.020929889992560506
atom,symmetric_parabolic,unfamiliar,0.006865382801582831
atom,traffic_circle,unfamiliar,0.06336304633445786
atom,asymmetric_parabolic_2,unfamiliar,0.036805572547354254
atom,t_turn,unfamiliar,0.008410399133678947
atom,asymmetric_parabolic_1,unfamiliar,0.0032469239235344057
atom,spiral,unfamiliar,0.009150423445623094
brim,chicane,unfamiliar,0.001783517165770422
brim,triple_s,unfamiliar,0.02011995988439574
brim,symmetric_parabolic,unfamiliar,0.0032282045728866875
brim,traffic_circle,unfamiliar,0.045640189767860204
brim,asymmetric_parabolic_2,unfamiliar,0.014780099136655244
brim,t_turn,unfamiliar,0.0034533428970318965
brim,asymmetric_parabolic_1,unfamiliar,0.06760509075424338
brim,spiral,unfamiliar,0.007130106340441365
chef,chicane,unfamiliar,0.0032631910825396495
chef,triple_s,unfamiliar,0.10430115136347215
chef,symmetric_parabolic,unfamiliar,0.01272431567836392
chef,traffic_circle,unfamiliar,0.05743128063340134
chef,asymmetric_parabolic_2,unfamiliar,0.04982171687378636
chef,t_turn,unfamiliar,0.010395953191993726
chef,asymmetric_parabolic_1,unfamiliar,0.007941869657628291
chef,spiral,unfamiliar,0.008849368534111756
clerk,chicane,unfamiliar,0.038797937223319715
clerk,triple_s,unfamiliar,0.050967488497697756
clerk,symmetric_parabolic,unfamiliar,0.03700992880614851
clerk,traffic_circle,unfamiliar,0.11059432624439464
clerk,asymmetric_parabolic_2,unfamiliar,0.022873414481169318
clerk,t_turn,unfamiliar,0.04364114074902793
clerk,asymmetric_parabolic_1,unfamiliar,0.050631792374258175
clerk,spiral,unfamiliar,0.1820998189440333
debt,chicane,unfamiliar,0.031131698883406087
debt,triple_s,unfamiliar,0.04990348975691922
debt,symmetric_parabolic,unfamiliar,0.018304196792878487
debt,traffic_circle,unfamiliar,0.06517819281212633
debt,asymmetric_parabolic_2,unfamiliar,0.11686137866810797
debt,t_turn,unfamiliar,0.07864278481164087
debt,asymmetric_parabolic_1,unfamiliar,0.36896546300068606
debt,spiral,unfamiliar,0.3512007735213275
grid,chicane,unfamiliar,0.004374152678157334
grid,triple_s,unfamiliar,0.031182574009555653
grid,symmetric_parabolic,unfamiliar,0.04216117221385654
grid,traffic_circle,unfamiliar,0.05797134542004993
grid,asymmetric_parabolic_2,unfamiliar,0.20391678236240923
grid,t_turn,unfamiliar,0.051561694751083104
grid,asymmetric_parabolic_1,unfamiliar,0.4673871286609878
grid,spiral,unfamiliar,1.0303132068935954
lens,chicane,unfamiliar,0.005327880605176432
lens,triple_s,unfamiliar,0.02088569625742593
lens,symmetric_parabolic,unfamiliar,0.05507594009615137
lens,traffic_circle,unfamiliar,0.013472458239888435
lens,asymmetric_parabolic_2,unfamiliar,0.01862953325389955
lens,t_turn,unfamiliar,0.007784981490249969
lens,asymmetric_parabolic_1,unfamiliar,0.11666451786807137
lens,spiral,unfamiliar,0.13983548018780523
limb,chicane,unfamiliar,0.024781321274070553
limb,triple_s,unfamiliar,0.06725957436812581
limb,symmetric_parabolic,unfamiliar,0.08390594715792048
limb,traffic_circle,unfamiliar,0.012893643367129346
limb,asymmetric_parabolic_2,unfamiliar,0.08077937701764439
limb,t_turn,unfamiliar,0.008838067012409837
limb,asymmetric_parabolic_1,unfamiliar,0.009787108883728045
limb,spiral,unfamiliar,0.00947271534034049
most,chicane,unfamiliar,0.0058576324882129134
most,triple_s,unfamiliar,0.01920160225526825
most,symmetric_parabolic,unfamiliar,0.008040254005713784
most,traffic_circle,unfamiliar,0.06913381286863497
most,asymmetric_parabolic_2,unfamiliar,0.017870735867541777
most,t_turn,unfamiliar,0.004238353329454259
most,asymmetric_parabolic_1,unfamiliar,0.00906922587867079
most,spiral,unfamiliar,0.13806147895998086
slimy,chicane,unfamiliar,0.005511385120631833
slimy,triple_s,unfamiliar,0.08447896686810338
slimy,symmetric_parabolic,unfamiliar,0.007770742572182759
slimy,traffic_circle,unfamiliar,0.006333771956944643
slimy,asymmetric_parabolic_2,unfamiliar,0.02263123709866021
slimy,t_turn,unfamiliar,0.00501964240380628
slimy,asymmetric_parabolic_1,unfamiliar,0.0044846023755013426
slimy,spiral,unfamiliar,0.005106689974091145
swarm,chicane,unfamiliar,0.0504908893563131
swarm,triple_s,unfamiliar,0.0927649924276915
swarm,symmetric_parabolic,unfamiliar,0.1280791571509744
swarm,traffic_circle,unfamiliar,0.14083258568698057
swarm,asymmetric_parabolic_2,unfamiliar,0.17757363764854686
swarm,t_turn,unfamiliar,0.09271660297365991
swarm,asymmetric_parabolic_1,unfamiliar,0.20287966502002602
swarm,spiral,unfamiliar,0.3784434074266763
wok,chicane,unfamiliar,0.007897957139863986
wok,triple_s,unfamiliar,0.02967274754801186
wok,symmetric_parabolic,unfamiliar,0.0068945545508460075
wok,traffic_circle,unfamiliar,0.11091901396604054
wok,asymmetric_parabolic_2,unfamiliar,0.008476153136232914
wok,t_turn,unfamiliar,0.009421629267027687
wok,asymmetric_parabolic_1,unfamiliar,0.005675531874102953
wok,spiral,unfamiliar,0.18774562680852544
